Klanttevredenheid_mens,Klanttevredenheid_robot,Bezorgtijd_mens,Bezorgtijd_robot
8.051899907321594,7.64642375168691,273.9764918625678,106.35800970873787
